--
-- PostgreSQL database dump
--

-- Dumped from database version 17.5
-- Dumped by pg_dump version 17.5

SET statement_timeout = 0;
SET lock_timeout = 0;
SET idle_in_transaction_session_timeout = 0;
SET transaction_timeout = 0;
SET client_encoding = 'UTF8';
SET standard_conforming_strings = on;
SELECT pg_catalog.set_config('search_path', '', false);
SET check_function_bodies = false;
SET xmloption = content;
SET client_min_messages = warning;
SET row_security = off;

SET default_tablespace = '';

SET default_table_access_method = heap;

--
-- Name: app_book; Type: TABLE; Schema: public; Owner: postgres
--

CREATE TABLE public.app_book (
    id bigint NOT NULL,
    name character varying(100) NOT NULL,
    author character varying(100) NOT NULL,
    published_date date NOT NULL,
    isbn character varying(13) NOT NULL,
    language character varying(30) NOT NULL,
    items_available integer NOT NULL,
    created_at timestamp with time zone NOT NULL,
    updated_at timestamp with time zone NOT NULL,
    library_id bigint NOT NULL
);


ALTER TABLE public.app_book OWNER TO postgres;

--
-- Name: app_book_id_seq; Type: SEQUENCE; Schema: public; Owner: postgres
--

ALTER TABLE public.app_book ALTER COLUMN id ADD GENERATED BY DEFAULT AS IDENTITY (
    SEQUENCE NAME public.app_book_id_seq
    START WITH 1
    INCREMENT BY 1
    NO MINVALUE
    NO MAXVALUE
    CACHE 1
);


--
-- Name: app_library; Type: TABLE; Schema: public; Owner: postgres
--

CREATE TABLE public.app_library (
    id bigint NOT NULL,
    name character varying(100) NOT NULL,
    location character varying(255) NOT NULL,
    telephone character varying(10) NOT NULL,
    email character varying(254) NOT NULL,
    created_at timestamp with time zone NOT NULL,
    updated_at timestamp with time zone NOT NULL
);


ALTER TABLE public.app_library OWNER TO postgres;

--
-- Name: app_library_id_seq; Type: SEQUENCE; Schema: public; Owner: postgres
--

ALTER TABLE public.app_library ALTER COLUMN id ADD GENERATED BY DEFAULT AS IDENTITY (
    SEQUENCE NAME public.app_library_id_seq
    START WITH 1
    INCREMENT BY 1
    NO MINVALUE
    NO MAXVALUE
    CACHE 1
);


--
-- Name: app_management; Type: TABLE; Schema: public; Owner: postgres
--

CREATE TABLE public.app_management (
    id bigint NOT NULL,
    assigned_at timestamp with time zone NOT NULL,
    returned_at timestamp with time zone,
    is_returned boolean NOT NULL,
    book_id bigint NOT NULL,
    member_id bigint NOT NULL
);


ALTER TABLE public.app_management OWNER TO postgres;

--
-- Name: app_management_id_seq; Type: SEQUENCE; Schema: public; Owner: postgres
--

ALTER TABLE public.app_management ALTER COLUMN id ADD GENERATED BY DEFAULT AS IDENTITY (
    SEQUENCE NAME public.app_management_id_seq
    START WITH 1
    INCREMENT BY 1
    NO MINVALUE
    NO MAXVALUE
    CACHE 1
);


--
-- Name: app_member; Type: TABLE; Schema: public; Owner: postgres
--

CREATE TABLE public.app_member (
    id bigint NOT NULL,
    password character varying(128) NOT NULL,
    last_login timestamp with time zone,
    username character varying(150) NOT NULL,
    email character varying(254) NOT NULL,
    first_name character varying(30) NOT NULL,
    last_name character varying(30) NOT NULL,
    is_active boolean NOT NULL,
    is_staff boolean NOT NULL,
    created_at timestamp with time zone NOT NULL,
    updated_at timestamp with time zone NOT NULL,
    library_id bigint NOT NULL
);


ALTER TABLE public.app_member OWNER TO postgres;

--
-- Name: app_member_id_seq; Type: SEQUENCE; Schema: public; Owner: postgres
--

ALTER TABLE public.app_member ALTER COLUMN id ADD GENERATED BY DEFAULT AS IDENTITY (
    SEQUENCE NAME public.app_member_id_seq
    START WITH 1
    INCREMENT BY 1
    NO MINVALUE
    NO MAXVALUE
    CACHE 1
);


--
-- Name: auth_group; Type: TABLE; Schema: public; Owner: postgres
--

CREATE TABLE public.auth_group (
    id integer NOT NULL,
    name character varying(150) NOT NULL
);


ALTER TABLE public.auth_group OWNER TO postgres;

--
-- Name: auth_group_id_seq; Type: SEQUENCE; Schema: public; Owner: postgres
--

ALTER TABLE public.auth_group ALTER COLUMN id ADD GENERATED BY DEFAULT AS IDENTITY (
    SEQUENCE NAME public.auth_group_id_seq
    START WITH 1
    INCREMENT BY 1
    NO MINVALUE
    NO MAXVALUE
    CACHE 1
);


--
-- Name: auth_group_permissions; Type: TABLE; Schema: public; Owner: postgres
--

CREATE TABLE public.auth_group_permissions (
    id bigint NOT NULL,
    group_id integer NOT NULL,
    permission_id integer NOT NULL
);


ALTER TABLE public.auth_group_permissions OWNER TO postgres;

--
-- Name: auth_group_permissions_id_seq; Type: SEQUENCE; Schema: public; Owner: postgres
--

ALTER TABLE public.auth_group_permissions ALTER COLUMN id ADD GENERATED BY DEFAULT AS IDENTITY (
    SEQUENCE NAME public.auth_group_permissions_id_seq
    START WITH 1
    INCREMENT BY 1
    NO MINVALUE
    NO MAXVALUE
    CACHE 1
);


--
-- Name: auth_permission; Type: TABLE; Schema: public; Owner: postgres
--

CREATE TABLE public.auth_permission (
    id integer NOT NULL,
    name character varying(255) NOT NULL,
    content_type_id integer NOT NULL,
    codename character varying(100) NOT NULL
);


ALTER TABLE public.auth_permission OWNER TO postgres;

--
-- Name: auth_permission_id_seq; Type: SEQUENCE; Schema: public; Owner: postgres
--

ALTER TABLE public.auth_permission ALTER COLUMN id ADD GENERATED BY DEFAULT AS IDENTITY (
    SEQUENCE NAME public.auth_permission_id_seq
    START WITH 1
    INCREMENT BY 1
    NO MINVALUE
    NO MAXVALUE
    CACHE 1
);


--
-- Name: django_admin_log; Type: TABLE; Schema: public; Owner: postgres
--

CREATE TABLE public.django_admin_log (
    id integer NOT NULL,
    action_time timestamp with time zone NOT NULL,
    object_id text,
    object_repr character varying(200) NOT NULL,
    action_flag smallint NOT NULL,
    change_message text NOT NULL,
    content_type_id integer,
    user_id bigint NOT NULL,
    CONSTRAINT django_admin_log_action_flag_check CHECK ((action_flag >= 0))
);


ALTER TABLE public.django_admin_log OWNER TO postgres;

--
-- Name: django_admin_log_id_seq; Type: SEQUENCE; Schema: public; Owner: postgres
--

ALTER TABLE public.django_admin_log ALTER COLUMN id ADD GENERATED BY DEFAULT AS IDENTITY (
    SEQUENCE NAME public.django_admin_log_id_seq
    START WITH 1
    INCREMENT BY 1
    NO MINVALUE
    NO MAXVALUE
    CACHE 1
);


--
-- Name: django_content_type; Type: TABLE; Schema: public; Owner: postgres
--

CREATE TABLE public.django_content_type (
    id integer NOT NULL,
    app_label character varying(100) NOT NULL,
    model character varying(100) NOT NULL
);


ALTER TABLE public.django_content_type OWNER TO postgres;

--
-- Name: django_content_type_id_seq; Type: SEQUENCE; Schema: public; Owner: postgres
--

ALTER TABLE public.django_content_type ALTER COLUMN id ADD GENERATED BY DEFAULT AS IDENTITY (
    SEQUENCE NAME public.django_content_type_id_seq
    START WITH 1
    INCREMENT BY 1
    NO MINVALUE
    NO MAXVALUE
    CACHE 1
);


--
-- Name: django_migrations; Type: TABLE; Schema: public; Owner: postgres
--

CREATE TABLE public.django_migrations (
    id bigint NOT NULL,
    app character varying(255) NOT NULL,
    name character varying(255) NOT NULL,
    applied timestamp with time zone NOT NULL
);


ALTER TABLE public.django_migrations OWNER TO postgres;

--
-- Name: django_migrations_id_seq; Type: SEQUENCE; Schema: public; Owner: postgres
--

ALTER TABLE public.django_migrations ALTER COLUMN id ADD GENERATED BY DEFAULT AS IDENTITY (
    SEQUENCE NAME public.django_migrations_id_seq
    START WITH 1
    INCREMENT BY 1
    NO MINVALUE
    NO MAXVALUE
    CACHE 1
);


--
-- Name: django_session; Type: TABLE; Schema: public; Owner: postgres
--

CREATE TABLE public.django_session (
    session_key character varying(40) NOT NULL,
    session_data text NOT NULL,
    expire_date timestamp with time zone NOT NULL
);


ALTER TABLE public.django_session OWNER TO postgres;

--
-- Data for Name: app_book; Type: TABLE DATA; Schema: public; Owner: postgres
--

COPY public.app_book (id, name, author, published_date, isbn, language, items_available, created_at, updated_at, library_id) FROM stdin;
2	Don Quijote de la Mancha	Miguel de Cervantes	1605-08-14	9780744525021	Español	30	2025-08-14 09:35:31.797693-05	2025-08-14 09:35:31.797693-05	2
3	The Hunger Games 1: the Hunger Games	Suzanne Collins	2008-08-14	9780439023481	English	15	2025-08-14 09:39:10.795382-05	2025-08-14 09:39:10.795382-05	3
4	Alice's Adventures in Wonderland	Lewis Carroll	1865-08-14	9780194227230	English	4	2025-08-14 09:40:36.0897-05	2025-08-14 09:49:46.112054-05	3
1	Cien años de soledad	Gabriel García Márquez	1967-08-14	9780060114183	Español	49	2025-08-14 09:34:04.197815-05	2025-08-14 09:51:09.409709-05	2
\.


--
-- Data for Name: app_library; Type: TABLE DATA; Schema: public; Owner: postgres
--

COPY public.app_library (id, name, location, telephone, email, created_at, updated_at) FROM stdin;
2	Biblioteca Pública Julio Pérez Ferrero	Av. 1 #12-35, Cúcuta, Norte de Santander	3142180656	example@example.com	2025-08-14 09:14:10.51179-05	2025-08-14 09:14:10.51179-05
3	Biblioteca Departamental Jorge Garcés Borrero	Cl. 5 #24A-91, 3 de Julio, Cali, Valle del Cauca	2620040000	example2@example.com	2025-08-14 09:17:44.030818-05	2025-08-14 09:17:44.031819-05
\.


--
-- Data for Name: app_management; Type: TABLE DATA; Schema: public; Owner: postgres
--

COPY public.app_management (id, assigned_at, returned_at, is_returned, book_id, member_id) FROM stdin;
1	2025-08-14 09:48:54.073642-05	\N	f	1	2
2	2025-08-14 09:49:46.116102-05	\N	f	4	3
3	2025-08-14 09:50:36.367731-05	2025-08-14 09:51:09.409709-05	t	1	1
\.


--
-- Data for Name: app_member; Type: TABLE DATA; Schema: public; Owner: postgres
--

COPY public.app_member (id, password, last_login, username, email, first_name, last_name, is_active, is_staff, created_at, updated_at, library_id) FROM stdin;
1	pbkdf2_sha256$1000000$bEMFga5wXgeYlS2FnQSnGN$YY98DkBpFkcgygR3a/ffev7ZHtxxSv8CgnjdlWo8slE=	\N	admin	admin@example.com	admin	admin	t	t	2025-08-14 09:19:32.598621-05	2025-08-14 09:19:32.598621-05	2
2	pbkdf2_sha256$1000000$dG7MvUrauE2oFWpUSejWt9$CAFq5iuFzSzH6FQekHL8MaGyGp5ctTK0P4Sk5a0ysFE=	\N	usuario_prueba	prueba1@example.com	prueba	prueba	t	f	2025-08-14 09:25:30.362225-05	2025-08-14 09:25:30.362225-05	2
3	pbkdf2_sha256$1000000$mSS4u1sTAuTQhGSXOr1zmK$vJk7QgL10s+7/lg+JNiPvfOjPW9E+gmweXYb3zAYMGU=	\N	usuario_prueba_dos	prueba2@example.com	prueba_dos	prueba_dos	t	f	2025-08-14 09:26:27.717164-05	2025-08-14 09:26:27.717164-05	3
\.


--
-- Data for Name: auth_group; Type: TABLE DATA; Schema: public; Owner: postgres
--

COPY public.auth_group (id, name) FROM stdin;
\.


--
-- Data for Name: auth_group_permissions; Type: TABLE DATA; Schema: public; Owner: postgres
--

COPY public.auth_group_permissions (id, group_id, permission_id) FROM stdin;
\.


--
-- Data for Name: auth_permission; Type: TABLE DATA; Schema: public; Owner: postgres
--

COPY public.auth_permission (id, name, content_type_id, codename) FROM stdin;
1	Can add log entry	1	add_logentry
2	Can change log entry	1	change_logentry
3	Can delete log entry	1	delete_logentry
4	Can view log entry	1	view_logentry
5	Can add permission	2	add_permission
6	Can change permission	2	change_permission
7	Can delete permission	2	delete_permission
8	Can view permission	2	view_permission
9	Can add group	3	add_group
10	Can change group	3	change_group
11	Can delete group	3	delete_group
12	Can view group	3	view_group
13	Can add content type	4	add_contenttype
14	Can change content type	4	change_contenttype
15	Can delete content type	4	delete_contenttype
16	Can view content type	4	view_contenttype
17	Can add session	5	add_session
18	Can change session	5	change_session
19	Can delete session	5	delete_session
20	Can view session	5	view_session
21	Can add library	6	add_library
22	Can change library	6	change_library
23	Can delete library	6	delete_library
24	Can view library	6	view_library
25	Can add book	7	add_book
26	Can change book	7	change_book
27	Can delete book	7	delete_book
28	Can view book	7	view_book
29	Can add member	8	add_member
30	Can change member	8	change_member
31	Can delete member	8	delete_member
32	Can view member	8	view_member
33	Can add management	9	add_management
34	Can change management	9	change_management
35	Can delete management	9	delete_management
36	Can view management	9	view_management
\.


--
-- Data for Name: django_admin_log; Type: TABLE DATA; Schema: public; Owner: postgres
--

COPY public.django_admin_log (id, action_time, object_id, object_repr, action_flag, change_message, content_type_id, user_id) FROM stdin;
\.


--
-- Data for Name: django_content_type; Type: TABLE DATA; Schema: public; Owner: postgres
--

COPY public.django_content_type (id, app_label, model) FROM stdin;
1	admin	logentry
2	auth	permission
3	auth	group
4	contenttypes	contenttype
5	sessions	session
6	app	library
7	app	book
8	app	member
9	app	management
\.


--
-- Data for Name: django_migrations; Type: TABLE DATA; Schema: public; Owner: postgres
--

COPY public.django_migrations (id, app, name, applied) FROM stdin;
1	contenttypes	0001_initial	2025-08-14 08:58:21.97022-05
2	app	0001_initial	2025-08-14 08:58:22.059079-05
3	admin	0001_initial	2025-08-14 08:58:22.09062-05
4	admin	0002_logentry_remove_auto_add	2025-08-14 08:58:22.097145-05
5	admin	0003_logentry_add_action_flag_choices	2025-08-14 08:58:22.107179-05
6	contenttypes	0002_remove_content_type_name	2025-08-14 08:58:22.126988-05
7	auth	0001_initial	2025-08-14 08:58:22.192246-05
8	auth	0002_alter_permission_name_max_length	2025-08-14 08:58:22.202324-05
9	auth	0003_alter_user_email_max_length	2025-08-14 08:58:22.212247-05
10	auth	0004_alter_user_username_opts	2025-08-14 08:58:22.219311-05
11	auth	0005_alter_user_last_login_null	2025-08-14 08:58:22.224836-05
12	auth	0006_require_contenttypes_0002	2025-08-14 08:58:22.227137-05
13	auth	0007_alter_validators_add_error_messages	2025-08-14 08:58:22.232663-05
14	auth	0008_alter_user_username_max_length	2025-08-14 08:58:22.244156-05
15	auth	0009_alter_user_last_name_max_length	2025-08-14 08:58:22.252327-05
16	auth	0010_alter_group_name_max_length	2025-08-14 08:58:22.273941-05
17	auth	0011_update_proxy_permissions	2025-08-14 08:58:22.288496-05
18	auth	0012_alter_user_first_name_max_length	2025-08-14 08:58:22.297546-05
19	sessions	0001_initial	2025-08-14 08:58:22.311211-05
\.


--
-- Data for Name: django_session; Type: TABLE DATA; Schema: public; Owner: postgres
--

COPY public.django_session (session_key, session_data, expire_date) FROM stdin;
\.


--
-- Name: app_book_id_seq; Type: SEQUENCE SET; Schema: public; Owner: postgres
--

SELECT pg_catalog.setval('public.app_book_id_seq', 4, true);


--
-- Name: app_library_id_seq; Type: SEQUENCE SET; Schema: public; Owner: postgres
--

SELECT pg_catalog.setval('public.app_library_id_seq', 3, true);


--
-- Name: app_management_id_seq; Type: SEQUENCE SET; Schema: public; Owner: postgres
--

SELECT pg_catalog.setval('public.app_management_id_seq', 3, true);


--
-- Name: app_member_id_seq; Type: SEQUENCE SET; Schema: public; Owner: postgres
--

SELECT pg_catalog.setval('public.app_member_id_seq', 3, true);


--
-- Name: auth_group_id_seq; Type: SEQUENCE SET; Schema: public; Owner: postgres
--

SELECT pg_catalog.setval('public.auth_group_id_seq', 1, false);


--
-- Name: auth_group_permissions_id_seq; Type: SEQUENCE SET; Schema: public; Owner: postgres
--

SELECT pg_catalog.setval('public.auth_group_permissions_id_seq', 1, false);


--
-- Name: auth_permission_id_seq; Type: SEQUENCE SET; Schema: public; Owner: postgres
--

SELECT pg_catalog.setval('public.auth_permission_id_seq', 36, true);


--
-- Name: django_admin_log_id_seq; Type: SEQUENCE SET; Schema: public; Owner: postgres
--

SELECT pg_catalog.setval('public.django_admin_log_id_seq', 1, false);


--
-- Name: django_content_type_id_seq; Type: SEQUENCE SET; Schema: public; Owner: postgres
--

SELECT pg_catalog.setval('public.django_content_type_id_seq', 9, true);


--
-- Name: django_migrations_id_seq; Type: SEQUENCE SET; Schema: public; Owner: postgres
--

SELECT pg_catalog.setval('public.django_migrations_id_seq', 19, true);


--
-- Name: app_book app_book_isbn_key; Type: CONSTRAINT; Schema: public; Owner: postgres
--

ALTER TABLE ONLY public.app_book
    ADD CONSTRAINT app_book_isbn_key UNIQUE (isbn);


--
-- Name: app_book app_book_name_key; Type: CONSTRAINT; Schema: public; Owner: postgres
--

ALTER TABLE ONLY public.app_book
    ADD CONSTRAINT app_book_name_key UNIQUE (name);


--
-- Name: app_book app_book_pkey; Type: CONSTRAINT; Schema: public; Owner: postgres
--

ALTER TABLE ONLY public.app_book
    ADD CONSTRAINT app_book_pkey PRIMARY KEY (id);


--
-- Name: app_library app_library_email_key; Type: CONSTRAINT; Schema: public; Owner: postgres
--

ALTER TABLE ONLY public.app_library
    ADD CONSTRAINT app_library_email_key UNIQUE (email);


--
-- Name: app_library app_library_name_key; Type: CONSTRAINT; Schema: public; Owner: postgres
--

ALTER TABLE ONLY public.app_library
    ADD CONSTRAINT app_library_name_key UNIQUE (name);


--
-- Name: app_library app_library_pkey; Type: CONSTRAINT; Schema: public; Owner: postgres
--

ALTER TABLE ONLY public.app_library
    ADD CONSTRAINT app_library_pkey PRIMARY KEY (id);


--
-- Name: app_management app_management_pkey; Type: CONSTRAINT; Schema: public; Owner: postgres
--

ALTER TABLE ONLY public.app_management
    ADD CONSTRAINT app_management_pkey PRIMARY KEY (id);


--
-- Name: app_member app_member_email_key; Type: CONSTRAINT; Schema: public; Owner: postgres
--

ALTER TABLE ONLY public.app_member
    ADD CONSTRAINT app_member_email_key UNIQUE (email);


--
-- Name: app_member app_member_pkey; Type: CONSTRAINT; Schema: public; Owner: postgres
--

ALTER TABLE ONLY public.app_member
    ADD CONSTRAINT app_member_pkey PRIMARY KEY (id);


--
-- Name: app_member app_member_username_key; Type: CONSTRAINT; Schema: public; Owner: postgres
--

ALTER TABLE ONLY public.app_member
    ADD CONSTRAINT app_member_username_key UNIQUE (username);


--
-- Name: auth_group auth_group_name_key; Type: CONSTRAINT; Schema: public; Owner: postgres
--

ALTER TABLE ONLY public.auth_group
    ADD CONSTRAINT auth_group_name_key UNIQUE (name);


--
-- Name: auth_group_permissions auth_group_permissions_group_id_permission_id_0cd325b0_uniq; Type: CONSTRAINT; Schema: public; Owner: postgres
--

ALTER TABLE ONLY public.auth_group_permissions
    ADD CONSTRAINT auth_group_permissions_group_id_permission_id_0cd325b0_uniq UNIQUE (group_id, permission_id);


--
-- Name: auth_group_permissions auth_group_permissions_pkey; Type: CONSTRAINT; Schema: public; Owner: postgres
--

ALTER TABLE ONLY public.auth_group_permissions
    ADD CONSTRAINT auth_group_permissions_pkey PRIMARY KEY (id);


--
-- Name: auth_group auth_group_pkey; Type: CONSTRAINT; Schema: public; Owner: postgres
--

ALTER TABLE ONLY public.auth_group
    ADD CONSTRAINT auth_group_pkey PRIMARY KEY (id);


--
-- Name: auth_permission auth_permission_content_type_id_codename_01ab375a_uniq; Type: CONSTRAINT; Schema: public; Owner: postgres
--

ALTER TABLE ONLY public.auth_permission
    ADD CONSTRAINT auth_permission_content_type_id_codename_01ab375a_uniq UNIQUE (content_type_id, codename);


--
-- Name: auth_permission auth_permission_pkey; Type: CONSTRAINT; Schema: public; Owner: postgres
--

ALTER TABLE ONLY public.auth_permission
    ADD CONSTRAINT auth_permission_pkey PRIMARY KEY (id);


--
-- Name: django_admin_log django_admin_log_pkey; Type: CONSTRAINT; Schema: public; Owner: postgres
--

ALTER TABLE ONLY public.django_admin_log
    ADD CONSTRAINT django_admin_log_pkey PRIMARY KEY (id);


--
-- Name: django_content_type django_content_type_app_label_model_76bd3d3b_uniq; Type: CONSTRAINT; Schema: public; Owner: postgres
--

ALTER TABLE ONLY public.django_content_type
    ADD CONSTRAINT django_content_type_app_label_model_76bd3d3b_uniq UNIQUE (app_label, model);


--
-- Name: django_content_type django_content_type_pkey; Type: CONSTRAINT; Schema: public; Owner: postgres
--

ALTER TABLE ONLY public.django_content_type
    ADD CONSTRAINT django_content_type_pkey PRIMARY KEY (id);


--
-- Name: django_migrations django_migrations_pkey; Type: CONSTRAINT; Schema: public; Owner: postgres
--

ALTER TABLE ONLY public.django_migrations
    ADD CONSTRAINT django_migrations_pkey PRIMARY KEY (id);


--
-- Name: django_session django_session_pkey; Type: CONSTRAINT; Schema: public; Owner: postgres
--

ALTER TABLE ONLY public.django_session
    ADD CONSTRAINT django_session_pkey PRIMARY KEY (session_key);


--
-- Name: app_book_isbn_20fbcddf_like; Type: INDEX; Schema: public; Owner: postgres
--

CREATE INDEX app_book_isbn_20fbcddf_like ON public.app_book USING btree (isbn varchar_pattern_ops);


--
-- Name: app_book_library_id_61bb9817; Type: INDEX; Schema: public; Owner: postgres
--

CREATE INDEX app_book_library_id_61bb9817 ON public.app_book USING btree (library_id);


--
-- Name: app_book_name_b0e76a5a_like; Type: INDEX; Schema: public; Owner: postgres
--

CREATE INDEX app_book_name_b0e76a5a_like ON public.app_book USING btree (name varchar_pattern_ops);


--
-- Name: app_library_email_acaea3d1_like; Type: INDEX; Schema: public; Owner: postgres
--

CREATE INDEX app_library_email_acaea3d1_like ON public.app_library USING btree (email varchar_pattern_ops);


--
-- Name: app_library_name_5c5f4cd7_like; Type: INDEX; Schema: public; Owner: postgres
--

CREATE INDEX app_library_name_5c5f4cd7_like ON public.app_library USING btree (name varchar_pattern_ops);


--
-- Name: app_management_book_id_2e180f5e; Type: INDEX; Schema: public; Owner: postgres
--

CREATE INDEX app_management_book_id_2e180f5e ON public.app_management USING btree (book_id);


--
-- Name: app_management_member_id_795fe74d; Type: INDEX; Schema: public; Owner: postgres
--

CREATE INDEX app_management_member_id_795fe74d ON public.app_management USING btree (member_id);


--
-- Name: app_member_email_df8736f7_like; Type: INDEX; Schema: public; Owner: postgres
--

CREATE INDEX app_member_email_df8736f7_like ON public.app_member USING btree (email varchar_pattern_ops);


--
-- Name: app_member_library_id_548601ba; Type: INDEX; Schema: public; Owner: postgres
--

CREATE INDEX app_member_library_id_548601ba ON public.app_member USING btree (library_id);


--
-- Name: app_member_username_d7bce6bf_like; Type: INDEX; Schema: public; Owner: postgres
--

CREATE INDEX app_member_username_d7bce6bf_like ON public.app_member USING btree (username varchar_pattern_ops);


--
-- Name: auth_group_name_a6ea08ec_like; Type: INDEX; Schema: public; Owner: postgres
--

CREATE INDEX auth_group_name_a6ea08ec_like ON public.auth_group USING btree (name varchar_pattern_ops);


--
-- Name: auth_group_permissions_group_id_b120cbf9; Type: INDEX; Schema: public; Owner: postgres
--

CREATE INDEX auth_group_permissions_group_id_b120cbf9 ON public.auth_group_permissions USING btree (group_id);


--
-- Name: auth_group_permissions_permission_id_84c5c92e; Type: INDEX; Schema: public; Owner: postgres
--

CREATE INDEX auth_group_permissions_permission_id_84c5c92e ON public.auth_group_permissions USING btree (permission_id);


--
-- Name: auth_permission_content_type_id_2f476e4b; Type: INDEX; Schema: public; Owner: postgres
--

CREATE INDEX auth_permission_content_type_id_2f476e4b ON public.auth_permission USING btree (content_type_id);


--
-- Name: django_admin_log_content_type_id_c4bce8eb; Type: INDEX; Schema: public; Owner: postgres
--

CREATE INDEX django_admin_log_content_type_id_c4bce8eb ON public.django_admin_log USING btree (content_type_id);


--
-- Name: django_admin_log_user_id_c564eba6; Type: INDEX; Schema: public; Owner: postgres
--

CREATE INDEX django_admin_log_user_id_c564eba6 ON public.django_admin_log USING btree (user_id);


--
-- Name: django_session_expire_date_a5c62663; Type: INDEX; Schema: public; Owner: postgres
--

CREATE INDEX django_session_expire_date_a5c62663 ON public.django_session USING btree (expire_date);


--
-- Name: django_session_session_key_c0390e0f_like; Type: INDEX; Schema: public; Owner: postgres
--

CREATE INDEX django_session_session_key_c0390e0f_like ON public.django_session USING btree (session_key varchar_pattern_ops);


--
-- Name: app_book app_book_library_id_61bb9817_fk_app_library_id; Type: FK CONSTRAINT; Schema: public; Owner: postgres
--

ALTER TABLE ONLY public.app_book
    ADD CONSTRAINT app_book_library_id_61bb9817_fk_app_library_id FOREIGN KEY (library_id) REFERENCES public.app_library(id) DEFERRABLE INITIALLY DEFERRED;


--
-- Name: app_management app_management_book_id_2e180f5e_fk_app_book_id; Type: FK CONSTRAINT; Schema: public; Owner: postgres
--

ALTER TABLE ONLY public.app_management
    ADD CONSTRAINT app_management_book_id_2e180f5e_fk_app_book_id FOREIGN KEY (book_id) REFERENCES public.app_book(id) DEFERRABLE INITIALLY DEFERRED;


--
-- Name: app_management app_management_member_id_795fe74d_fk_app_member_id; Type: FK CONSTRAINT; Schema: public; Owner: postgres
--

ALTER TABLE ONLY public.app_management
    ADD CONSTRAINT app_management_member_id_795fe74d_fk_app_member_id FOREIGN KEY (member_id) REFERENCES public.app_member(id) DEFERRABLE INITIALLY DEFERRED;


--
-- Name: app_member app_member_library_id_548601ba_fk_app_library_id; Type: FK CONSTRAINT; Schema: public; Owner: postgres
--

ALTER TABLE ONLY public.app_member
    ADD CONSTRAINT app_member_library_id_548601ba_fk_app_library_id FOREIGN KEY (library_id) REFERENCES public.app_library(id) DEFERRABLE INITIALLY DEFERRED;


--
-- Name: auth_group_permissions auth_group_permissio_permission_id_84c5c92e_fk_auth_perm; Type: FK CONSTRAINT; Schema: public; Owner: postgres
--

ALTER TABLE ONLY public.auth_group_permissions
    ADD CONSTRAINT auth_group_permissio_permission_id_84c5c92e_fk_auth_perm FOREIGN KEY (permission_id) REFERENCES public.auth_permission(id) DEFERRABLE INITIALLY DEFERRED;


--
-- Name: auth_group_permissions auth_group_permissions_group_id_b120cbf9_fk_auth_group_id; Type: FK CONSTRAINT; Schema: public; Owner: postgres
--

ALTER TABLE ONLY public.auth_group_permissions
    ADD CONSTRAINT auth_group_permissions_group_id_b120cbf9_fk_auth_group_id FOREIGN KEY (group_id) REFERENCES public.auth_group(id) DEFERRABLE INITIALLY DEFERRED;


--
-- Name: auth_permission auth_permission_content_type_id_2f476e4b_fk_django_co; Type: FK CONSTRAINT; Schema: public; Owner: postgres
--

ALTER TABLE ONLY public.auth_permission
    ADD CONSTRAINT auth_permission_content_type_id_2f476e4b_fk_django_co FOREIGN KEY (content_type_id) REFERENCES public.django_content_type(id) DEFERRABLE INITIALLY DEFERRED;


--
-- Name: django_admin_log django_admin_log_content_type_id_c4bce8eb_fk_django_co; Type: FK CONSTRAINT; Schema: public; Owner: postgres
--

ALTER TABLE ONLY public.django_admin_log
    ADD CONSTRAINT django_admin_log_content_type_id_c4bce8eb_fk_django_co FOREIGN KEY (content_type_id) REFERENCES public.django_content_type(id) DEFERRABLE INITIALLY DEFERRED;


--
-- Name: django_admin_log django_admin_log_user_id_c564eba6_fk_app_member_id; Type: FK CONSTRAINT; Schema: public; Owner: postgres
--

ALTER TABLE ONLY public.django_admin_log
    ADD CONSTRAINT django_admin_log_user_id_c564eba6_fk_app_member_id FOREIGN KEY (user_id) REFERENCES public.app_member(id) DEFERRABLE INITIALLY DEFERRED;


--
-- PostgreSQL database dump complete
--

